profile,workers,total_packets,flows_per_worker,seconds,pps,checksum
hot-cache,1,5000000,4096,0.237897,21017497,36005856
hot-cache,2,10000000,4096,0.210404,47527594,72011712
hot-cache,4,20000000,4096,0.351270,56936301,144023424
high-cardinality,1,2000000,32768,0.193704,10325024,14400144
high-cardinality,2,4000000,32768,0.138808,28816679,28800288
high-cardinality,4,8000000,32768,0.106419,75174708,57600576
