profile,workers,total_packets,flows_per_worker,seconds,pps,checksum
hot-cache,1,5000000,4096,0.222153,22507032,36005856
hot-cache,2,10000000,4096,0.219191,45622382,72011712
hot-cache,4,20000000,4096,0.300041,66657555,144023424
high-cardinality,1,2000000,32768,0.093986,21279704,14400144
high-cardinality,2,4000000,32768,0.096520,41442317,28800288
high-cardinality,4,8000000,32768,0.139789,57228953,57600576
